Workbook
Name TBL_CADASTRO: Tabela15[]
Name TBL_CADASTRO: #REF!

Sheet TBL_CENARIOS
A1: SEQ | B1: ID_CENARIO | C1: NOME | D1: FEATURE | E1: ID_MASSA | F1: CPF | G1: SENHA | H1: NOME_CATEGORIA | I1: DESCRICAO_CATEGORIA | J1: NOME_ARTIGO | K1: DESCRICAO_ARTIGO
A2: 1 | B2: cadastrar | C2: Criar um novo usuário CMS com sucesso | D2: usuario | E2: 0001 | F2: =VLOOKUP(Tabela1[[#This Row],[ID_MASSA]],TBL_CADASTRO!B2:O7,4,0) -> 11111111111 | G2: =VLOOKUP(Tabela1[[#This Row],[ID_MASSA]],#REF!,5,0) -> #REF! | H2: =VLOOKUP(Tabela1[[#This Row],[ID_MASSA]],#REF!,7,0) -> #REF! | I2: =VLOOKUP(Tabela1[[#This Row],[ID_MASSA]],#REF!,8,0) -> #REF! | J2: =VLOOKUP(Tabela1[[#This Row],[ID_MASSA]],#REF!,10,0) -> #REF! | K2: =VLOOKUP(Tabela1[[#This Row],[ID_MASSA]],#REF!,11,0) -> #REF!
A3: 9 | B3: CT-1008 | C3: Tentar criar um usuário com email inválido | D3: usuario | E3: 9999 | F3: =VLOOKUP(Tabela1[[#This Row],[ID_MASSA]],#REF!,4,0) -> #REF! | G3: =VLOOKUP(Tabela1[[#This Row],[ID_MASSA]],#REF!,5,0) -> #REF! | H3: =VLOOKUP(Tabela1[[#This Row],[ID_MASSA]],#REF!,7,0) -> #REF! | I3: =VLOOKUP(Tabela1[[#This Row],[ID_MASSA]],#REF!,8,0) -> #REF! | J3: =VLOOKUP(Tabela1[[#This Row],[ID_MASSA]],#REF!,10,0) -> #REF! | K3: =VLOOKUP(Tabela1[[#This Row],[ID_MASSA]],#REF!,11,0) -> #REF!
A4: 10 | B4: CT-1009 | C4: Tentar criar um usuário com senha inválida | D4: usuario | E4: 1010 | F4: =VLOOKUP(Tabela1[[#This Row],[ID_MASSA]],#REF!,4,0) -> #REF! | G4: =VLOOKUP(Tabela1[[#This Row],[ID_MASSA]],#REF!,5,0) -> #REF! | H4: =VLOOKUP(Tabela1[[#This Row],[ID_MASSA]],#REF!,7,0) -> #REF! | I4: =VLOOKUP(Tabela1[[#This Row],[ID_MASSA]],#REF!,8,0) -> #REF! | J4: =VLOOKUP(Tabela1[[#This Row],[ID_MASSA]],#REF!,10,0) -> #REF! | K4: =VLOOKUP(Tabela1[[#This Row],[ID_MASSA]],#REF!,11,0) -> #REF!
A5: 2 | B5: CT01.2 | C5: Realizar login com sucesso | D5: usuario | E5: 0001 | F5: =VLOOKUP(Tabela1[[#This Row],[ID_MASSA]],Tabela15[[ID_MASSA]:[ID_ARTIGO]],4,0) -> 11111111111 | G5: =VLOOKUP(Tabela1[[#This Row],[ID_MASSA]],Tabela15[[ID_MASSA]:[ID_ARTIGO]],5,0) -> admin999 | H5: =VLOOKUP(Tabela1[[#This Row],[ID_MASSA]],Tabela15[[ID_MASSA]:[ID_ARTIGO]],7,0) -> 0 | I5: =VLOOKUP(Tabela1[[#This Row],[ID_MASSA]],Tabela15[[ID_MASSA]:[ID_ARTIGO]],8,0) -> 0 | J5: =VLOOKUP(Tabela1[[#This Row],[ID_MASSA]],Tabela15[[ID_MASSA]:[ID_ARTIGO]],10,0) -> 0 | K5: =VLOOKUP(Tabela1[[#This Row],[ID_MASSA]],Tabela15[[ID_MASSA]:[ID_ARTIGO]],11,0) -> 0
A6: 3 | B6: CT01.3 | C6: Buscar a lista de usuários CMS com autenticação | D6: usuario | E6: 0002 | F6: =VLOOKUP(Tabela1[[#This Row],[ID_MASSA]],Tabela15[[ID_MASSA]:[ID_ARTIGO]],4,0) -> 11879646706 | G6: =VLOOKUP(Tabela1[[#This Row],[ID_MASSA]],Tabela15[[ID_MASSA]:[ID_ARTIGO]],5,0) -> admin999 | H6: =VLOOKUP(Tabela1[[#This Row],[ID_MASSA]],Tabela15[[ID_MASSA]:[ID_ARTIGO]],7,0) -> 0 | I6: =VLOOKUP(Tabela1[[#This Row],[ID_MASSA]],Tabela15[[ID_MASSA]:[ID_ARTIGO]],8,0) -> 0 | J6: =VLOOKUP(Tabela1[[#This Row],[ID_MASSA]],Tabela15[[ID_MASSA]:[ID_ARTIGO]],10,0) -> 0 | K6: =VLOOKUP(Tabela1[[#This Row],[ID_MASSA]],Tabela15[[ID_MASSA]:[ID_ARTIGO]],11,0) -> 0
A7: 4 | B7: CT01.4 | C7: Busca de usuario por ID | D7: usuario | E7: 0003 | F7: =VLOOKUP(Tabela1[[#This Row],[ID_MASSA]],Tabela15[[ID_MASSA]:[ID_ARTIGO]],4,0) -> 12310012300 | G7: =VLOOKUP(Tabela1[[#This Row],[ID_MASSA]],Tabela15[[ID_MASSA]:[ID_ARTIGO]],5,0) -> admin999 | H7: =VLOOKUP(Tabela1[[#This Row],[ID_MASSA]],Tabela15[[ID_MASSA]:[ID_ARTIGO]],7,0) -> 0 | I7: =VLOOKUP(Tabela1[[#This Row],[ID_MASSA]],Tabela15[[ID_MASSA]:[ID_ARTIGO]],8,0) -> 0 | J7: =VLOOKUP(Tabela1[[#This Row],[ID_MASSA]],Tabela15[[ID_MASSA]:[ID_ARTIGO]],10,0) -> 0 | K7: =VLOOKUP(Tabela1[[#This Row],[ID_MASSA]],Tabela15[[ID_MASSA]:[ID_ARTIGO]],11,0) -> 0
A8: 5 | B8: CT01.5 | C8: Validar alteração de usuário | D8: usuario | E8: 0004 | F8: =VLOOKUP(Tabela1[[#This Row],[ID_MASSA]],Tabela15[[ID_MASSA]:[ID_ARTIGO]],4,0) -> 12345678901 | G8: =VLOOKUP(Tabela1[[#This Row],[ID_MASSA]],Tabela15[[ID_MASSA]:[ID_ARTIGO]],5,0) -> admin999 | H8: =VLOOKUP(Tabela1[[#This Row],[ID_MASSA]],Tabela15[[ID_MASSA]:[ID_ARTIGO]],7,0) -> 0 | I8: =VLOOKUP(Tabela1[[#This Row],[ID_MASSA]],Tabela15[[ID_MASSA]:[ID_ARTIGO]],8,0) -> 0 | J8: =VLOOKUP(Tabela1[[#This Row],[ID_MASSA]],Tabela15[[ID_MASSA]:[ID_ARTIGO]],10,0) -> 0 | K8: =VLOOKUP(Tabela1[[#This Row],[ID_MASSA]],Tabela15[[ID_MASSA]:[ID_ARTIGO]],11,0) -> 0
A9: 6 | B9: CT01.6 | C9: Validar exclusao de usuario | D9: usuario | E9: 0005 | F9: =VLOOKUP(Tabela1[[#This Row],[ID_MASSA]],Tabela15[[ID_MASSA]:[ID_ARTIGO]],4,0) -> #N/A | G9: =VLOOKUP(Tabela1[[#This Row],[ID_MASSA]],Tabela15[[ID_MASSA]:[ID_ARTIGO]],5,0) -> #N/A | H9: =VLOOKUP(Tabela1[[#This Row],[ID_MASSA]],Tabela15[[ID_MASSA]:[ID_ARTIGO]],7,0) -> #N/A | I9: =VLOOKUP(Tabela1[[#This Row],[ID_MASSA]],Tabela15[[ID_MASSA]:[ID_ARTIGO]],8,0) -> #N/A | J9: =VLOOKUP(Tabela1[[#This Row],[ID_MASSA]],Tabela15[[ID_MASSA]:[ID_ARTIGO]],10,0) -> #N/A | K9: =VLOOKUP(Tabela1[[#This Row],[ID_MASSA]],Tabela15[[ID_MASSA]:[ID_ARTIGO]],11,0) -> #N/A

Sheet TBL_CADASTRO
A1: SEQ | B1: ID_MASSA | C1: NOME_COMPLETO | D1: NOME_USUARIO | E1: CPF | F1: SENHA | G1: ID_USUARIO | H1: NOME_CATEGORIA | I1: DESCRICAO_CATEGORIA | J1: ID_CATEGORIA | K1: NOME_ARTIGO | L1: DESCRICAO_ARTIGO | M1: ID_ARTIGO
A2: 9999 | B2: 9999 | C2: Email invalido | D2: Email invalido | E2: usuario@teste@exemplo.com | F2: wcSFOMJ | G2: =TBL_MASSA_CADASTRADA[[#This Row],[ID_USUARIO]] -> 0 | H2: teste | I2: teste | J2: teste | K2: teste | L2: teste | M2: teste
A3: 1010 | B3: 1010 | C3: Senha invalida | D3: Senha invalida | E3: senha.invalida0@hotmail.com | F3: 12345678-9 | G3: =TBL_MASSA_CADASTRADA[[#This Row],[ID_USUARIO]] -> 0 | H3: teste | I3: teste | J3: teste | K3: teste | L3: teste | M3: teste
A4: 01 | B4: 0001 | C4: =TBL_MASSA_CADASTRADA!C2 -> Admin User | D4: =TBL_MASSA_CADASTRADA!D2 -> 0 | E4: =TBL_MASSA_CADASTRADA!H2 -> 11111111111 | F4: =TBL_MASSA_CADASTRADA!F2 -> admin999 | G4: =TBL_MASSA_CADASTRADA!AD2 -> 0 | H4: =TBL_MASSA_CADASTRADA!X2 -> 0 | I4: =TBL_MASSA_CADASTRADA!Y2 -> 0 | J4: =TBL_MASSA_CADASTRADA!AF2 -> 0 | K4: =TBL_MASSA_CADASTRADA!Z2 -> 0 | L4: =TBL_MASSA_CADASTRADA!AA2 -> 0 | M4: =TBL_MASSA_CADASTRADA!AH2 -> 0
A5: 02 | B5: 0002 | C5: =TBL_MASSA_CADASTRADA!C3 -> Santiago Gomez | D5: =TBL_MASSA_CADASTRADA!D3 -> 0 | E5: =TBL_MASSA_CADASTRADA!H3 -> 11879646706 | F5: =TBL_MASSA_CADASTRADA!F3 -> admin999 | G5: =TBL_MASSA_CADASTRADA!AD3 -> 0 | H5: =TBL_MASSA_CADASTRADA!X3 -> 0 | I5: =TBL_MASSA_CADASTRADA!Y3 -> 0 | J5: =TBL_MASSA_CADASTRADA!AF3 -> 0 | K5: =TBL_MASSA_CADASTRADA!Z3 -> 0 | L5: =TBL_MASSA_CADASTRADA!AA3 -> 0 | M5: =TBL_MASSA_CADASTRADA!AH3 -> 0
A6: 03 | B6: 0003 | C6: =TBL_MASSA_CADASTRADA!C4 -> Teste Carga Retroativa | D6: =TBL_MASSA_CADASTRADA!D4 -> 0 | E6: =TBL_MASSA_CADASTRADA!H4 -> 12310012300 | F6: =TBL_MASSA_CADASTRADA!F4 -> admin999 | G6: =TBL_MASSA_CADASTRADA!AD4 -> 0 | H6: =TBL_MASSA_CADASTRADA!X4 -> 0 | I6: =TBL_MASSA_CADASTRADA!Y4 -> 0 | J6: =TBL_MASSA_CADASTRADA!AF4 -> 0 | K6: =TBL_MASSA_CADASTRADA!Z4 -> 0 | L6: =TBL_MASSA_CADASTRADA!AA4 -> 0 | M6: =TBL_MASSA_CADASTRADA!AH4 -> 0
A7: 04 | B7: 0004 | C7: =TBL_MASSA_CADASTRADA!C5 -> Test User | D7: =TBL_MASSA_CADASTRADA!D5 -> 0 | E7: =TBL_MASSA_CADASTRADA!H5 -> 12345678901 | F7: =TBL_MASSA_CADASTRADA!F5 -> admin999 | G7: =TBL_MASSA_CADASTRADA!AD5 -> 0 | H7: =TBL_MASSA_CADASTRADA!X5 -> 0 | I7: =TBL_MASSA_CADASTRADA!Y5 -> 0 | J7: =TBL_MASSA_CADASTRADA!AF5 -> 0 | K7: =TBL_MASSA_CADASTRADA!Z5 -> 0 | L7: =TBL_MASSA_CADASTRADA!AA5 -> 0 | M7: =TBL_MASSA_CADASTRADA!AH5 -> 0

Sheet TBL_MASSA_CADASTRADA
A1: Nome | B1: Sobrenome | C1: NomeCompleto | D1: NomeUsuario | E1: Email | F1: Senha | G1: Administrador | H1: CPF | I1: Telefone | J1: RazaoSocial | K1: CNPJ | L1: Endereco | M1: NumeroEndereco | N1: Cidade | O1: Estado | P1: CEP | Q1: Pais | R1: NumeroCartao | S1: ValidadeCartao | T1: NomeProduto | U1: Preco | V1: DescricaoProduto | W1: Quantidade | X1: NomeCategoria | Y1: DescricaoCategoria | Z1: TituloArtigo | AA1: ConteudoArtigo | AB1: NomeAutor | AC1: DataPublicacao | AD1: ID_USUARIO | AE1: STATUS_CADASTRO | AF1: ID_CATEGORIA | AG1: STATUS_CATEGORIA | AH1: ID_ARTIGO | AI1: STATUS_ARTIGO
C2: Admin User | E2: admin@fintech.com | F2: admin999 | H2: 11111111111
C3: Santiago Gomez | E3: santiagogomez@fintech.com | F3: admin999 | H3: 11879646706
C4: Teste Carga Retroativa | E4: teste.retroativa@email.com | F4: admin999 | H4: 12310012300
C5: Test User | E5: test@test.com | F5: admin999 | H5: 12345678901
C6: Test User | E6: test@example.com | F6: admin999 | H6: 12345678909
C7: Abigaelle Michel | E7: Abigaelle.Michel47@yahoo.fr | F7: admin999 | H7: 12424713839
C8: Tariq Al-Mansoor | E8: tariqal-mansoor@fintech.com | F8: admin999 | H8: 12558823280
C9: Mariana Costa Silva | E9: marianacostasilva@fintech.com | F9: admin999 | H9: 12902848900
C10: Youssef Al-Otaibi | E10: youssefal-otaibi@fintech.com | F10: admin999 | H10: 12923841310
C11: Lukas Schneider | E11: lukas.schneider@fintech.com | F11: admin999 | H11: 13912221138
C12: Fatima Al-Harbi | E12: fatimaal-harbi@fintech.com | F12: admin999 | H12: 15351515369
C13: Sophie Schmidt | E13: sophieschmidt@fintech.com | F13: admin999 | H13: 15803041416
... C156: Admin User | E156: admin@fintechbank.com | F156: admin999 | H156: 99999999999
C157: Joao Pedro Silva | E157: joaopedrosilva@fintech.com | F157: admin999 | H157: 01086796160
C158: Lucas Gabriel Ferreira | E158: lucas.ferreira@fintech.com | F158: admin999 | H158: 0238338827
C159: Martim Costa | E159: martimcosta@fintech.com | F159: admin999 | H159: 02915062919
C160: Gustave Jacquet | E160: Gustave_Jacquet34@gmail.com | F160: admin999 | H160: 05458223608
C161: Goncalo Santos | E161: goncalosantos@fintech.com | F161: admin999 | H161: 07154153601
C162: Adrienne Giraud | E162: Adrienne_Giraud@yahoo.fr | F162: admin999 | H162: 07817267197
C163: Seoyun Lee | E163: seoyunlee@fintech.com | F163: admin999 | H163: 08025476561
C164: Emily Rose Johnson | E164: emilyrosejohnson@fintech.com | F164: admin999 | H164: 09056318624
